<?xml version="1.0" encoding="UTF-8"?>
<project default="generateinJava" name="rilaiot2rilaiotmqtt">
    <property name="ECLIPSE_HOME" value="../../.."/>
    <property name="ECLIPSE_WORKSPACE" value="../.."/>

    <!-- The classpath with only the dependencies used by the project -->
    <path id="rilaiot2rilaiotmqtt.libraryclasspath">
        <pathelement location="${ECLIPSE_WORKSPACE}/rilaiot2rilaiotmqtt/bin"/>
        <pathelement location="${ECLIPSE_HOME}/plugins/org.eclipse.core.runtime_3.18.0.v20200506-2143.jar"/>
        <pathelement location="${ECLIPSE_HOME}/plugins/org.eclipse.osgi_3.15.300.v20200520-1959.jar"/>
        <pathelement location="${ECLIPSE_HOME}/plugins/org.eclipse.osgi.compatibility.state_1.1.800.v20200511-1223.jar"/>
        <pathelement location="${ECLIPSE_HOME}/plugins/org.eclipse.equinox.common_3.12.0.v20200504-1602.jar"/>
        <pathelement location="${ECLIPSE_HOME}/plugins/org.eclipse.core.jobs_3.10.800.v20200421-0950.jar"/>
        <pathelement location="${ECLIPSE_HOME}/plugins/org.eclipse.equinox.registry_3.8.800.v20200406-0956.jar"/>
        <pathelement location="${ECLIPSE_HOME}/plugins/org.eclipse.equinox.preferences_3.8.0.v20200422-1833.jar"/>
        <pathelement location="${ECLIPSE_HOME}/plugins/org.eclipse.core.contenttype_3.7.700.v20200517-1644.jar"/>
        <pathelement location="${ECLIPSE_HOME}/plugins/org.eclipse.equinox.app_1.4.500.v20200422-1833.jar"/>
        <pathelement location="${ECLIPSE_HOME}/plugins/org.eclipse.emf.ecore_2.22.0.v20200519-1135.jar"/>
        <pathelement location="${ECLIPSE_HOME}/plugins/org.eclipse.emf.common_2.19.0.v20200324-0932.jar"/>
        <pathelement location="${ECLIPSE_HOME}/plugins/org.eclipse.emf.ecore.xmi_2.16.0.v20190528-0725.jar"/>
        <pathelement location="${ECLIPSE_HOME}/plugins/org.eclipse.ocl_3.15.0.v20200608-1555.jar"/>
        <pathelement location="${ECLIPSE_HOME}/plugins/lpg.runtime.java_2.0.17.v201004271640.jar"/>
        <pathelement location="${ECLIPSE_HOME}/plugins/org.eclipse.ocl.common_1.8.400.v20200608-1555.jar"/>
        <pathelement location="${ECLIPSE_HOME}/plugins/org.eclipse.ocl.ecore_3.15.0.v20200608-1555.jar"/>
        <pathelement location="${ECLIPSE_HOME}/plugins/org.eclipse.acceleo.common_3.7.11.202102190929.jar"/>
        <pathelement location="${ECLIPSE_HOME}/plugins/org.eclipse.acceleo.model_3.7.11.202102190929.jar"/>
        <pathelement location="${ECLIPSE_HOME}/plugins/org.eclipse.acceleo.profiler_3.7.11.202102190929.jar"/>
        <pathelement location="${ECLIPSE_HOME}/plugins/org.eclipse.acceleo.engine_3.7.11.202102190929.jar"/>
        <pathelement location="${ECLIPSE_HOME}/plugins/org.eclipse.emf.codegen.ecore_2.22.0.v20200324-0947.jar"/>
        <pathelement location="${ECLIPSE_HOME}/plugins/org.eclipse.emf.codegen_2.20.0.v20200324-0932.jar"/>
        <pathelement location="${ECLIPSE_HOME}/plugins/com.google.guava_27.1.0.v20190517-1946.jar"/>
    </path>

    <path id="rilaiot2rilaiotmqtt.classpath">
        <path refid="rilaiot2rilaiotmqtt.libraryclasspath"/>
    </path>

    <!-- The classpath with only the jars available in the plugin folder of Eclipse -->
    <path id="rilaiot2rilaiotmqtt.libraryclasspath.alljars">
        <pathelement location="../rilaiot2rilaiotmqtt/bin"/>
        <fileset dir="${ECLIPSE_HOME}/plugins/" includes="*.jar"/>
    </path>

    <path id="rilaiot2rilaiotmqtt.classpath.alljars">
        <path refid="rilaiot2rilaiotmqtt.libraryclasspath.alljars"/>
    </path>

    <!-- The default task with the jars used by this project -->
    <target name="generateinJava">
        <java classname="rilaiot2rilaiotmqtt.main.GenerateinJava" classpathref="rilaiot2rilaiotmqtt.classpath">
            <arg value="${model}"/>
            <arg value="${target}"/>
        </java>
    </target>

    <!--
        In case of problem you can also try with all the jar available in your Eclipse
        Keep in mind that having two versions of the same jar can create problems
    -->
    <target name="generateinJava.alljars">
        <java classname="rilaiot2rilaiotmqtt.main.GenerateinJava" classpathref="rilaiot2rilaiotmqtt.classpath">
            <arg value="${model}"/>
            <arg value="${target}"/>
        </java>
    </target>
</project>
